czone,china_exposure
100,0.041307283925709676
200,0.05539941592072703
301,0.06509399659733317
302,0.017375103497257682
401,0.043397638473971684
402,0.0803980859847857
500,0.05323071682851362
601,0.07781149564960385
602,0.11473632627822783
700,0.02639381866842372
800,0.037460196875214666
900,0.02213356121848248
1001,0.03439677332559654
1002,0.08461644169752702
1100,0.10011244729773194
1201,0.02017767821819849
1202,0.0552582406008999
1203,0.028181054995504495
1204,0.06892555399737842
1301,0.048761154410259966
1302,0.027071686309836696
1400,0.041648714440685734
1500,0.017610771396115776
1600,0.04563155569127941
1701,0.03913056803410847
1702,0.029744732789588113
1800,0.036850021817513845
1900,0.01856149494063936
2000,0.007990009407882595
2100,0.03349755543847882
2200,0.055393005224521785
2300,0.04208703961322202
2400,0.017434777380037403
2500,0.0070344465854895386
2600,0.02913082217412799
2700,0.009591641529084094
2800,0.037299106563157325
2900,0.01626929112229014
3001,0.05751343566206746
3002,0.03406302546495225
3003,0.013002943694071067
3101,0.02613123210712331
3102,0.015881491114190904
3201,0.009998530794470994
3202,0.013781576585552902
3203,0.02122168332539065
3300,0.005299469489857787
3400,0.007376524577962673
3500,0.00950225951076461
3600,0.005161255814453095
3700,0.006023937525745027
3800,0.022350840331448157
3901,0.010698366921861935
3902,0.020877680468537774
4001,0.043489249051147816
4002,0.01660748410160906
4003,0.015314498628686168
4004,0.028651302760399844
4101,0.017010119024557735
4102,0.017908455431445924
4103,0.0188343649467253
4200,0.01803859907878077
4301,0.040760519178623555
4302,0.03199014993301197
4401,0.008768533315905103
4402,0.032800512349381084
4501,0.007438159717302106
4502,0.00023566287853560297
4601,0.08592134874450519
4602,0.0415429468543822
4701,0.03281173713621355
4702,0.04637537230926986
4800,0.016938244766752986
4901,0.03868846334324181
4902,0.03967935046141502
4903,0.11403929892579256
5000,0.10949503580189995
5100,0.10687861959899482
5201,0.12323439058683897
5202,0.018620166013688988
5300,0.037613281675679566
5401,0.026915789149970913
5402,0.031133531245912005
5500,0.05154898588905077
5600,0.02121364143871248
5700,0.04445795012027576
5800,0.07529498937644541
5900,0.04161307246014079
6000,0.04243974234863007
6100,0.040931256960718664
6200,0.03696327571411134
6301,0.07855593954456763
6302,0.04847043035892139
6401,0.022366600021975422
6402,0.07073919116769956
6501,0.021900657005624602
6502,0.08330227625946796
6600,0.032559763741423386
6700,0.014230066863604358
6800,0.00842718881702964
6900,0.009713798843347641
7000,0.014383451786550181
7100,0.015861391634314714
7200,0.0035132492642735297
7300,0.04072724429626237
7400,0.009457723697966507
7500,0.010102959779187303
7600,0.006814837911349583
7700,0.006094576380609951
7800,0.01202575500230818
7900,0.011567021782652898
8000,0.031110471510044185
8100,0.01761897240064328
8201,0.036527949100549906
8202,0.008604288629665259
8300,0.02739250586405431
8401,0.017874761141110418
8402,0.03523900274013858
8501,0.03935116304588515
8502,0.03579380586526293
8503,0.021936652438802204
8601,0.029497502142444176
8602,0.011397601252317828
8701,0.02131715939309231
8702,0.04053431762302262
8800,0.004930022002225254
8900,0.02008223350626495
9001,0.047713093530056705
9002,0.021234350732232343
9003,0.029912268758403915
9100,0.016308526020028805
9200,0.04054616408079359
9301,0.023212488665740636
9302,0.059707732717743545
9400,0.02527713219141703
9500,0.0408120654826728
9600,0.049677605942808886
9701,0.020793618586543022
9702,0.0430154480658973
9800,0.04218568039594783
9900,0.01154456882341498
10000,0.0052984027337594775
10101,0.025918285640040617
10102,0.034434547811742156
10200,0.01680553434162091
10301,0.04615712181438736
10302,0.0343759498302334
10400,0.058812798861840765
10501,0.03648399038327854
10502,0.06518875754358389
10600,0.052269570085268724
10700,0.010058200420505752
10801,0.025132764498056043
10802,0.026863841823526968
10900,0.007117793915849482
11001,0.013108039526908876
11002,0.04412883102552301
11101,0.014084973033457127
11102,0.030107466885405998
11201,0.0149086470599261
11202,0.0006867485685093655
11203,0.014993334175598894
11301,0.004887376012627756
11302,0.013740416149495109
11303,0.007484263355388876
11304,0.005096436802626421
11401,0.007243396105929584
11402,0.03437310572119534
11403,0.005282712956534041
11500,0.026483353084715056
11600,0.02644094275446966
11700,0.00488492072926959
11800,0.01183071797876556
11900,0.027916144399160035
12001,0.026865323135000896
12002,0.020525179956697226
12100,0.02445878490541538
12200,0.02297719975717779
12301,0.010584391449689812
12302,0.013916001757387164
12401,0.011057404786026424
12402,0.014447235960056627
12501,0.02811130805037271
12502,0.05189173723170337
12600,0.03511488988084066
12701,0.026235741268124523
12702,0.14560492851577123
12800,0.09073761221558341
12901,0.031176028470897676
12902,0.04106266562392827
12903,0.027770664283991442
13000,0.01954923488240956
13101,0.022980938791085107
13102,0.08346198337572419
13103,0.02595395349951879
13200,0.024230114434075273
13300,0.025386523727843592
13400,0.020630550750184273
13501,0.020697449255128782
13502,0.04388228873502453
13600,0.029885825107816726
13700,0.0491918582977765
13800,0.030987191380020315
13900,0.031088089310903788
14000,0.019499119516186873
14100,0.032281812366102725
14200,0.014772848237864199
14300,0.027523395259636374
14400,0.02389035380059984
14500,0.019003809780142572
14600,0.040631919019330845
14700,0.02910294254207087
14801,0.11300913108370869
14802,0.014148292280995678
14900,0.01594891910428204
15000,0.032354306243110684
15100,0.02543631352583292
15200,0.026904940554011957
15300,0.018543612966944345
15400,0.03630795428565908
15500,0.021613908557378325
15600,0.010025823736517878
15700,0.007766707277108598
15800,0.011756690407945136
15900,0.015886123890086368
16000,0.025035522531521283
16100,0.021836816628206475
16200,0.02208414537839601
16300,0.016707238627893497
16400,0.017745877421987258
16500,0.025037265431037375
16600,0.026500033939760078
16701,0.011007272393716683
16702,0.011024590170841925
16703,0.013655092553545245
16801,0.008625798591542111
16802,0.0030230203147061374
16901,0.009157582839691925
16902,0.0037588248946125447
17000,0.0007197671159610008
17100,0.012791721827696723
17200,0.022665198989187077
17300,0.040318775774458304
17400,0.032893578019227765
17501,0.01677300449582266
17502,0.024333923061403973
17600,0.02036339384946722
17700,0.022109541588828385
17800,0.03780527285855284
17900,0.06351299494679469
18000,0.02541453142046325
18100,0.028756145365931074
18201,0.04687336354233873
18202,0.03842601285890379
18300,0.011024849279187454
18400,0.015569522168602079
18500,0.050472099135065195
18600,0.009485498679923134
18700,0.04506578326913502
18800,0.02677495832628967
18900,0.04450481540409301
19000,0.03588052446323663
19100,0.03463226419338542
19200,0.026893325390907552
19300,0.0424569221752376
19400,0.01726367667603662
19500,0.01721005796696541
19600,0.028836166817156367
19700,0.01805202742681386
19800,0.03569182330445775
19901,0.008983240754871044
19902,0.014891561977801393
19903,0.0057629419364744194
20001,0.03360223629778615
20002,0.008511623796099155
20003,0.016598248975701974
20100,0.03149101082831053
20200,0.019915031885738142
20301,0.03236929619904649
20302,0.026198582439771863
20401,0.04390040173804995
20402,0.00016131297027399683
20403,0.0015289196440289032
20500,0.02645289312431557
20600,0.0327766746466345
20700,0.02063073183985764
20800,0.03361264652781901
20901,0.022829055560547304
20902,0.018975926552900035
21001,0.030634484010503282
21002,0.0044327083422821545
21003,0.004663002518186188
21004,0.008370050868030554
21101,0.01629376865868082
21102,0.025965826166677308
21201,0.08110616326050635
21202,0.0211303560058429
21301,0.016620329040768822
21302,0.04783822702908269
21400,0.020028293290969
21501,0.026104802323160883
21502,0.026105250350018573
21600,0.00893634962141071
21701,0.06361035423504258
21702,0.022382994123551603
21801,0.03069642816473088
21802,0.008816733591952453
21900,0.017883065790499975
22001,0.010742296403042598
22002,0.03777054978309735
22100,0.015099669050846254
22200,0.0413765405765929
22300,0.011280047686383434
22400,0.04024491578386813
22500,0.027234707909059047
22601,0.0238600480881192
22602,0.01907722719156859
22700,0.018198133607849692
22800,0.041073670827755655
22900,0.02633291565013149
23000,0.021694906186948748
23100,0.015088993654909386
23200,0.034935071874207246
23301,0.025141552539901853
23302,0.025353049565935093
23400,0.021853971653505222
23500,0.017540825935856513
23600,0.025201259598573778
23700,0.018737071490609575
23801,0.01305413492893795
23802,0.02078638823752421
23900,0.023810915897913232
24000,0.03454436437900583
24100,0.021444317897239232
24200,0.01767522730921378
24300,0.024633492321980425
24400,0.035413856066955116
24500,0.025975993615776183
24600,0.0535493646196274
24701,0.020528720766494188
24702,0.041643197828337364
24801,0.030287736809903043
24802,0.004067992672824011
24900,0.012630676866937085
25000,0.026772174942930604
25101,0.02861511921244686
25102,0.11624165267341868
25103,0.01965557015852415
25104,0.05075233079818453
25105,0.010294518384267981
25200,0.019093518135558207
25300,0.0698510102036527
25401,0.013555337484610068
25402,0.12794311355516497
25500,0.01595045824813901
25601,0.01737454469251488
25602,0.00988937453963823
25701,0.05129733718748486
25702,0.028416648345269024
25800,0.05498845606380964
25900,0.08528351733551975
26001,0.02086645624325062
26002,0.009502883056916558
26003,0.0014769576582693844
26004,0.02098692254620982
26101,0.020834718823065757
26102,0.02518992871437062
26103,0.01937356987305172
26104,0.004454625278579871
26105,0.0015457789416624124
26106,0.014369789146209122
26107,0.03574290598292218
26201,0.0014338052564755732
26202,0.002209669356243893
26203,0.0015227232352599263
26204,1.731054375397889e-07
26301,0.022687245652842858
26302,0.0018717986062295466
26303,0.019358311715868187
26304,0.0010905463963268858
26305,0.0004240935961743464
26401,0.0001347201770123263
26402,0.00020363778914145314
26403,0.0026052010960899707
26404,0.016627226468751255
26405,0.00012603964362778441
26406,0.03709896638595023
26407,8.98767460455474e-08
26408,0.0008543036589152564
26409,0.0012659156977603558
26410,0.006202479562364971
26411,0.0033051180258696355
26412,0.0009231919370060737
26501,0.01938964101051366
26502,0.007459686089683615
26503,0.014158065775034201
26504,0.018587393073864145
26601,0.01231631583214332
26602,0.038245854094977716
26603,5.5273438714920076e-08
26604,4.6967177480539135e-08
26605,0.006862873760538915
26701,0.012566652441760695
26702,0.0012009261552221595
26703,0.008541654781855701
26704,0.004534678233242051
26801,0.006022799251141679
26802,0.012601386386427826
26803,0.003595325577669936
26804,0.024453775007842182
26901,0.00824867194571021
26902,0.01953863050154192
27001,0.0002996921859370616
27002,0.0012649831925792832
27003,0.01530839518670346
27004,0.00140897322722644
27005,0.02034727775558709
27006,0.02089597154444673
27007,0.006076812797791875
27008,0.005569060744804233
27009,0.0005012056659186026
27010,0.00019157547733916758
27011,0.00045527147651780453
27012,0.00027243949477195883
27101,0.016103759199397223
27102,0.007830695203792093
27201,0.040788845280211206
27202,0.00466893056690032
27301,0.02221059751426794
27302,0.029033352757401654
27401,0.0072209028349762006
27402,0.016606132825602526
27501,0.007470916948777818
27502,0.02993420336959679
27503,0.01778400404022662
27504,0.005576608766053814
27601,0.010371222614113494
27602,0.0008140126558742189
27603,0.004897950909251671
27604,8.536778477719054e-05
27605,1.4162965911168612e-08
27701,0.006416560461070642
27702,0.004928940861872455
27703,0.0017193845373011385
27704,0.0022381543783380753
27801,0.008178022654798944
27802,0.02126656817799588
27901,0.008616815842093173
27902,0.002835809026380254
27903,0.00737571325228098
28001,0.0164587353216028
28002,0.002412515489496503
28101,0.015237329580707337
28102,0.01648867905850171
28201,0.01950764803699897
28202,0.009668566655752386
28301,0.001917370069884683
28302,0.0055783857742923715
28303,0.030582333749396895
28304,0.0002908146652877974
28305,0.006869237394346861
28306,0.002775360804053495
28401,0.025369703012477183
28402,3.0255364642073346e-05
28501,0.00016586118058548038
28502,0.018911845766587998
28503,0.0022765855335755703
28504,0.001900512076019989
28601,0.0036490012880570077
28602,0.009264980110725407
28603,0.0056620573938088725
28604,0.0010920524936075537
28605,0.000535307884046432
28606,1.8554402902992706e-08
28607,0.006760216412018849
28608,0.01147834585147145
28609,0.011800283721507765
28701,0.026126662779484278
28702,0.0008454776852220673
28703,0.0042637348058907065
28704,0.003670828083359723
28800,0.026421707642692624
28900,0.015427259080842248
29001,0.0028303179385562593
29002,0.003063939509424074
29003,0.003362294291568424
29004,0.0235033321728082
29005,0.008190902408992562
29006,0.004816672415178025
29007,0.0018817353875881793
29008,0.00016375112120492474
29101,0.016375411723262623
29102,0.003101087810081893
29103,0.0050320446463034685
29104,0.014533517383029437
29201,0.02248344607717323
29202,0.0049825968549971345
29203,0.00518975376878128
29204,0.013371206127089363
29301,0.016197951646437975
29302,0.012792341619849878
29303,0.015056932090422581
29401,0.020033343390271297
29402,0.06060601627558437
29403,0.02439934635750124
29501,0.011516064810246363
29502,0.011268921587879113
29503,0.0168072246111457
29504,0.034740410693808704
29505,0.014536563366918331
29506,0.023611054540982224
29601,0.01419152861091355
29602,0.044179292020132266
29700,0.033129445285720475
29800,0.04569426315502989
29901,0.04028016972627457
29902,0.05939196265499014
30000,0.032890190618412585
30100,0.03457415967763208
30200,0.018318631042776066
30300,0.02583227394708454
30401,0.013748079394863222
30402,0.02121550547044595
30403,0.008092173044483175
30501,0.00921331908605083
30502,0.008980881598030031
30601,0.0285741366866
30602,0.010017397126074246
30603,2.6685955159422292e-05
30604,0.0005403655199477872
30605,0.004695084085903467
30701,0.004534693440474469
30702,0.0001184552495914204
30801,0.0032968522952434576
30802,0.005777904250053869
30901,0.008299583436818914
30902,0.0025481902011490476
30903,0.004358646539476152
30904,0.02616714022401556
30905,0.002684791721499824
30906,0.008790114002048988
30907,0.017300589556894508
30908,0.0024554607282444296
31001,0.0015561988317658315
31002,0.0007271601548701767
31003,0.0008667040346370669
31004,0.005347803587451239
31005,0.0019633210835051512
31006,0.0017259924148300548
31007,0.00118759964757853
31101,0.017244551923969828
31102,0.011162032532834765
31103,0.01630179287369593
31201,0.03041520067208201
31202,0.028113767284634328
31301,0.01464340065514394
31302,0.003050741752338215
31303,0.007708984496592297
31304,2.7943491964776968e-08
31401,0.011452188879211202
31402,0.00013749303809396096
31403,0.00016176011828195058
31404,0.0002856712579681897
31501,0.00679568410037934
31502,0.011297061492816951
31503,0.0076476065692450135
31600,0.01664370592015816
31700,0.005523901640939199
31800,0.009504155596999853
31900,0.009281759578033677
32000,0.017455903661054893
32100,0.006938460150030967
32201,0.025658472302448714
32202,0.01819750259397168
32301,0.005991230087044164
32302,0.018654617633556914
32303,0.007183279283601962
32304,0.002849353573574298
32305,0.016491824203807237
32306,0.02141808863309458
32401,0.0024803376836670665
32402,0.0050870670185547695
32403,0.002193796030123263
32501,0.004429920468290551
32502,3.451931449660606e-05
32503,1.3808335368459268e-05
32601,0.021931087399710725
32602,0.013335817923307847
32603,0.002358335524940358
32604,0.00727244267229743
32701,0.03994147992731456
32702,0.014349644797389816
32801,0.014405727788545597
32802,0.013589703455731517
32900,0.019364993467315017
33000,0.018732345374619645
33100,0.022746566114063484
33200,0.016604468764614494
33300,0.017566576453968308
33400,0.01966299382865158
33500,0.015424118594632413
33601,0.03867180153387245
33602,0.010452821015110914
33603,0.03996763438850895
33700,0.03473536546559028
33801,0.012662062638134658
33802,0.01629494496846018
33803,0.016996274354178952
33901,0.015595857177330252
33902,0.021112681372849884
34001,0.03503118533583782
34002,0.009854533992568415
34201,0.0005528541456747416
34202,0.0034076981011512686
34203,0.0038364123419916962
34204,0.00030399190669389703
34301,0.00287878987395139
34302,0.0011396112584316498
34303,0.019421618936862117
34304,0.0006010086350638488
34305,0.0023664729635615167
34306,0.0001697405823506415
34307,0.0009785764155402221
34308,0.00381059290860957
34309,0.000852030508806223
34401,0.00046697110045235135
34402,0.008061190117804873
34403,0.0013138932412481985
34404,0.0019285288772789488
34501,0.00733179131153561
34502,0.0014603125034540199
34503,0.008689363605146097
34504,0.008904826716024215
34601,0.0006045796261120451
34602,0.00038525656958499077
34603,0.005058859214277844
34604,0.0035962990405096207
34801,0.001687521068298281
34802,0.006313343038853281
34803,0.0003088420903587519
34804,0.003524501765983956
34805,0.002510628605678633
34901,0.013168361097447307
34902,0.021873826081971415
35001,0.01801945340833353
35002,0.0010554649606566713
35100,0.012224403972296707
35201,0.007364508424642594
35202,0.0008077877240408951
35300,0.0063804648751149
35401,0.008782067112526937
35402,0.024860572061839115
35500,0.0026170893306582954
35701,0.006223912879594659
35702,0.014281979255098776
35801,0.02630297228226136
35802,0.011185123287509313
35803,0.0018637541310910777
35901,0.016787414168364934
35902,0.007501481564945921
35903,0.0014923505762851619
35904,0.005286800088127208
35905,0.00011342751531628892
36000,0.02033434623859401
36100,0.015322794649199542
36200,0.03394619031694279
36301,0.006072710800515982
36302,0.006084760226010566
36303,0.003298050969081423
36401,0.0009051809184341675
36402,0.0006161737287606606
36403,0.005871970081697597
36404,0.0031375281634180574
36501,0.013907752514359328
36502,0.012155784683272941
36503,0.005810538789098985
36600,0.0059444155041247886
36700,0.006394109131959813
36800,0.01802373909997712
36901,0.0031456010863553097
36902,0.007767746151541299
37000,0.008137279939826797
37100,0.006789250746856226
37200,0.00883477444459807
37300,0.007404951218041855
37400,0.011250322374794751
37500,0.055757477142499984
37601,0.0008702683964791902
37602,0.00013823422710768085
37603,0.0015733897277444564
37604,0.009838976258669974
37700,0.01922014520395473
37800,0.014043091274060275
37901,0.004003510569953475
37902,0.0005865608055151128
37903,0.0012536288253839345
38000,0.01849448773543333
38100,0.008303421129501887
38200,0.018237001681289396
38300,0.022375904710280066
38401,0.006522842794268957
38402,0.00274256314766097
38501,0.0082942776320436
38502,0.003908950690606705
38601,0.01682852741919144
38602,0.00318805548177252
38700,0.00820827981155145
38801,0.021192091723972406
38802,0.012723349868868361
38901,0.015605001009560672
38902,0.008119423057812752
39000,0.01127630039936993
39100,0.012744840679704198
39201,0.0069341878298394555
39202,0.0029576563972144587
39203,0.008580223856349767
39204,0.00010064231431794468
39205,0.0024073948798575273
39301,0.010790353912426998
39302,0.011415976840523978
39303,0.004768326399685163
39400,0.015540730642405735
