czone,gpt_exposure,cz_total_emp
100,0.341960402914004,164217
200,0.29745590637940356,79513
301,0.3257402267999953,7735
302,0.3440573008690584,343670
401,0.34046918301013296,191585
402,0.3251017705915546,16728
500,0.32939037111787306,418463
601,0.3262905636680594,16327
602,0.3207425482222989,9465
700,0.3148243517736853,128765
800,0.31088834642008356,121901
900,0.3644632058254213,1018874
1001,0.33278634968902154,26716
1002,0.31395512182077184,32967
1100,0.3153455244373217,163127
1201,0.32323422276132513,12842
1202,0.3135753505335179,21087
1203,0.3237188686441317,171927
1204,0.32290505520520435,11947
1301,0.3071898225786412,8067
1302,0.30982919617177046,202885
1400,0.33044975589994807,187821
1500,0.3334108413381326,167698
1600,0.3164984519543223,64101
1701,0.37473921071356164,980685
1702,0.33550769052277135,9101
1800,0.29352816095815626,57010
1900,0.33509718831107693,199953
2000,0.34412134587738347,461799
2100,0.31986381324757185,33538
2200,0.33694708698642495,26340
2300,0.3329523270320513,68479
2400,0.3594706671995179,529699
2500,0.34462547141851047,168257
2600,0.32631345896410563,20952
2700,0.3199396738440923,137335
2800,0.3104868327009151,23588
2900,0.3409432793633212,52884
3001,0.34733667871603097,3864
3002,0.34184911034721793,4482
3003,0.3395094167333431,211977
3101,0.3207344190653467,16415
3102,0.34128577985567266,7396
3201,0.31217818846879536,2610
3202,0.3244978315948759,9786
3203,0.3529727632598675,15664
3300,0.34158683734240275,451157
3400,0.3116009617201125,70946
3500,0.33897992665785065,352777
3600,0.32776316149569495,49016
3700,0.3198657746217089,93919
3800,0.3276486202666389,174372
3901,0.335598074508079,65175
3902,0.2783781995696853,1062
4001,0.3053025551287483,4835
4002,0.32764345231262915,141044
4003,0.3172552163313607,12770
4004,0.3491068185811456,1910
4101,0.2949185646934002,2841
4102,0.3453394655763855,27778
4103,0.31426312588208155,15168
4200,0.34964710922566544,313982
4301,0.31430298900765885,7759
4302,0.32109819831101744,20047
4401,0.3607125812366929,23260
4402,0.32328747318177264,24133
4501,0.35691985789775077,1311
4502,0.3367791991241883,10262
4601,0.3129487385320421,8737
4602,0.3234398977373138,26513
4701,0.3348404626075065,15513
4702,0.3348300787925015,32036
4800,0.33474187595645605,23543
4901,0.326525848350476,67540
4902,0.33610095718068206,15205
4903,0.3307092646135035,5751
5000,0.3150008519537849,62280
5100,0.3283549636130204,22282
5201,0.3084704479813878,9255
5202,0.33042444031556994,565666
5300,0.32614468928656926,19092
5401,0.3244308710309533,52689
5402,0.31084531207733546,11867
5500,0.32135054973445404,44737
5600,0.357606250603943,904918
5700,0.32850870739155924,36369
5800,0.32258688092954174,26269
5900,0.32834691543164185,74149
6000,0.37656728196173156,245991
6100,0.29163938944494067,72835
6200,0.31986355984542814,50967
6301,0.31148217330797556,14525
6302,0.32695216144770867,35517
6401,0.34042479172376705,208923
6402,0.3206631883840365,20414
6501,0.3062249695676589,8775
6502,0.3103206553818418,49679
6600,0.3180884641719834,126377
6700,0.3592899985704186,1345953
6800,0.3230210688635758,272848
6900,0.31880472992372594,342020
7000,0.3525592555343559,2058505
7100,0.3384372091194127,792812
7200,0.3147623595869185,436391
7300,0.3430837945078162,271734
7400,0.3387397683453457,1312237
7500,0.3206726229445574,209548
7600,0.3506200075159209,700690
7700,0.3128462552061904,34737
7800,0.3112512092829755,134158
7900,0.3476150236113488,136343
8000,0.311568185093039,34435
8100,0.3485923715251865,320780
8201,0.3179275199768015,5413
8202,0.3422920626136123,306400
8300,0.3376412917716832,375517
8401,0.32799102302959565,176852
8402,0.30653402606730773,5297
8501,0.3163957952897062,3628
8502,0.33324079218811925,4653
8503,0.3258769452913671,68253
8601,0.3271007274821018,23415
8602,0.31853398908578023,32627
8701,0.3217701253201083,24587
8702,0.3322323147632337,26551
8800,0.3169401689937732,224787
8900,0.3458913384937194,129520
9001,0.31488869797545477,19204
9002,0.31501224551905793,18065
9003,0.3257155720937339,17812
9100,0.36853479371748366,2364697
9200,0.3237539397646484,27438
9301,0.3441967622213027,88641
9302,0.34730857607301874,12164
9400,0.31423110759640155,111407
9500,0.3101661309375072,23381
9600,0.31665961898411543,134651
9701,0.3393807455889822,86724
9702,0.3357028660774939,7484
9800,0.32382560442985026,55143
9900,0.36452539814545054,178351
10000,0.3247099024467516,76070
10101,0.33191502636211806,7479
10102,0.31092944997745847,17743
10200,0.3312347341184298,42491
10301,0.31774994592167316,6202
10302,0.330321135267255,58480
10400,0.3240438628757987,39600
10501,0.31861224014203493,19666
10502,0.3418656705364665,22822
10600,0.31300362710596674,21971
10700,0.3520981005885365,443130
10801,0.32883112279182947,75574
10802,0.3349692525424441,4910
10900,0.3374277628302061,277217
11001,0.32102659502397235,226283
11002,0.32014953879756375,8509
11101,0.35029267159493743,130886
11102,0.3287256348884949,14049
11201,0.3384218243899666,36279
11202,0.3144183984069372,5416
11203,0.36356968246730276,11741
11301,0.3512807041582894,100810
11302,0.36061492369623727,1100465
11303,0.3117402443101567,8011
11304,0.3934225852148955,2782818
11401,0.3264015557885692,24706
11402,0.30297014791164867,21255
11403,0.3195364552263737,10255
11500,0.32140075768600623,62168
11600,0.35130235131509313,2048206
11700,0.3631954778923296,150396
11800,0.3036263547595857,25240
11900,0.3176602958196956,116722
12001,0.2982162118851977,16109
12002,0.2905237746889121,6700
12100,0.3236787477937054,150896
12200,0.323196789960185,578517
12301,0.3181570637350752,49939
12302,0.29271222556912957,22290
12401,0.3091328681659255,11128
12402,0.29115614373508486,13509
12501,0.34105956985671776,410801
12502,0.30694259678762964,20025
12600,0.31811493660456736,23120
12701,0.3499988223881521,947039
12702,0.3073826267983113,4781
12800,0.31153284211724214,25536
12901,0.336186875460203,209559
12902,0.29573219131996326,4581
12903,0.32516198806325713,9784
13000,0.34529357508134595,37629
13101,0.34321486301403104,513198
13102,0.30190626166634565,10012
13103,0.29244772027369176,16318
13200,0.3189354056736607,34002
13300,0.31012345778821665,63700
13400,0.31128358497908404,74130
13501,0.3225925186763084,292468
13502,0.3124700631279774,20222
13600,0.3273023847270858,199551
13700,0.28700269855808574,177295
13800,0.3087465270744944,32740
13900,0.31407374394604454,39865
14000,0.3189472796667328,95860
14100,0.3284560362261935,213079
14200,0.3490298848825401,948534
14300,0.3305336021247711,48056
14400,0.31786612965392325,60260
14500,0.33290608757910395,100848
14600,0.3502240069223828,84368
14700,0.3242473256810381,140260
14801,0.30012486870704996,5523
14802,0.3299780860474326,12447
14900,0.32075032637856193,223259
15000,0.32080219619935835,233303
15100,0.3108268248176963,126072
15200,0.35167718125236686,1177158
15300,0.3267961579686099,53532
15400,0.3129485143544897,41938
15500,0.3223799569303399,21560
15600,0.32323640137355364,43778
15700,0.32374400062271186,50460
15800,0.3427715685252764,29218
15900,0.3580270894543656,993902
16000,0.31450992020723245,77560
16100,0.3271715177186171,76643
16200,0.3209032972709732,109047
16300,0.3552653552603919,999019
16400,0.3186676098190742,208048
16500,0.31787835597920755,178724
16600,0.3496247206171721,151445
16701,0.32786379567311785,10785
16702,0.3535215649353642,102496
16703,0.3181095941348828,6931
16801,0.3319023766908264,39076
16802,0.3302704072704108,7492
16901,0.3555014283910744,103597
16902,0.3197277929120054,2097
17000,0.3537018442361342,19710
17100,0.3369942741266108,77876
17200,0.31232554329247636,54538
17300,0.3168135179670128,41571
17400,0.31856979217034165,131049
17501,0.3161729297204229,28133
17502,0.3193270762431201,46020
17600,0.35758841570339156,120413
17700,0.33941696533535143,349589
17800,0.31488888711193685,24946
17900,0.3302630517503663,70935
18000,0.34821804095654024,948607
18100,0.3307291954556608,82161
18201,0.31125234172303745,35730
18202,0.3107125370252944,9711
18300,0.32852573147334097,62400
18400,0.3294415125478361,43763
18500,0.3222712230955906,21996
18600,0.3547982879528853,404586
18700,0.30351302311015915,42591
18800,0.31843696109147496,281744
18900,0.3160129217728518,51337
19000,0.32364444458421077,264736
19100,0.3139748725386024,445352
19200,0.3338845783278147,487395
19300,0.3338419358280886,301157
19400,0.37632404776318445,5784406
19500,0.3347635439028196,428806
19600,0.3623711091394417,2649668
19700,0.3529493717937972,2493914
19800,0.3633575459493318,280321
19901,0.3092876876876737,150971
19902,0.3081326689319789,38688
19903,0.326668864443753,9561
20001,0.32785090557186747,104645
20002,0.3297919645312846,7464
20003,0.3114814213217798,22170
20100,0.3489893618705942,303132
20200,0.3467245604818336,125135
20301,0.3119826763639209,20244
20302,0.3417747057076188,94922
20401,0.34126433564202846,604099
20402,0.24943230394681354,5130
20403,0.2822012047902528,5690
20500,0.37602137567835525,2766212
20600,0.34572922626743674,500541
20700,0.3208270414871275,35892
20800,0.3338747655855519,259734
20901,0.3560202170754213,1442623
20902,0.32759569830751745,53319
21001,0.3124783781930398,8172
21002,0.32543022174867936,6265
21003,0.2989322577808604,2990
21004,0.3099137216161664,17569
21101,0.29523468526841884,18190
21102,0.3061734941665932,11795
21201,0.30964671326343784,14413
21202,0.2864267603295441,6267
21301,0.32065641508027976,52006
21302,0.30631658982730664,26352
21400,0.32214804644635736,106798
21501,0.36906491022858695,1701408
21502,0.2973330250810622,7210
21600,0.31079349439839254,43589
21701,0.3057652121357101,73878
21702,0.29510203964399906,14013
21801,0.3240061774828391,18941
21802,0.30406147263317346,11227
21900,0.31217124694149034,20483
22001,0.3230861529627,65043
22002,0.31226924067115486,4722
22100,0.3260770068763643,77022
22200,0.34427784893493285,111908
22300,0.3143681309504677,24725
22400,0.3009917139619488,63734
22500,0.32207876756250886,203107
22601,0.3344854877896093,159212
22602,0.3078778626969783,10420
22700,0.3160816158626829,111897
22800,0.32639688511572756,88423
22900,0.3285209405400027,79868
23000,0.29569419973556915,24061
23100,0.36590936247801703,341418
23200,0.3431723959388239,52300
23301,0.2998951147110498,15909
23302,0.29242006333150006,21517
23400,0.308889345085999,55038
23500,0.31944264262931893,103226
23600,0.3101562858325318,24590
23700,0.2963591478131534,17072
23801,0.33030212073111737,130402
23802,0.3021464000444521,16246
23900,0.32842008414347623,147449
24000,0.31253878411838615,200216
24100,0.34939472611666067,800758
24200,0.3139436102375814,36333
24300,0.3563601073807296,3902939
24400,0.31462373484450074,177845
24500,0.33525469187291557,27689
24600,0.3284504092112705,32733
24701,0.35481284617117836,1065301
24702,0.30829544770292266,5637
24801,0.307206448373516,9048
24802,0.371636044014247,114075
24900,0.30857827170886853,101715
25000,0.3200148727027221,34194
25101,0.3303429744869851,11350
25102,0.3385566699783246,16386
25103,0.3126468914981058,15924
25104,0.32569829973460174,5716
25105,0.34370612022344676,11341
25200,0.311264688082792,21744
25300,0.33281238917243,18387
25401,0.3171228630396318,38130
25402,0.36877596016744474,4468
25500,0.3098972577150107,24590
25601,0.31045946843388295,45010
25602,0.29759065115878414,3853
25701,0.3310285060293159,57406
25702,0.3291012121414398,16436
25800,0.30554848516580224,22661
25900,0.3246719405973666,54121
26001,0.29501045188015285,2706
26002,0.32524942673582136,104849
26003,0.32727690001592663,1189
26004,0.3162488907845305,1896
26101,0.31162898808402717,10494
26102,0.3142714995190984,8875
26103,0.3348042407820975,2872
26104,0.31944205509483864,1608
26105,0.3474597074480517,1150
26106,0.3298681647959806,1934
26107,0.33840541778165933,6927
26201,0.3462699535453209,59524
26202,0.345681342775612,247
26203,0.32662211007116193,1024
26204,0.31403173568633863,295
26301,0.31672504964720466,5727
26302,0.3312209912212217,805
26303,0.35510801033963935,3460
26304,0.324911487632134,27347
26305,0.3248823950244291,1375
26401,0.3175103736022072,250
26402,0.31708886247867946,443
26403,0.314472469393533,598
26404,0.34303545466174173,1058
26405,0.33404366033395944,183
26406,0.3313642155995296,2569
26407,0.31509130856009476,509
26408,0.3205573787798758,2006
26409,0.3211050409130765,1958
26410,0.3063623190559617,14631
26411,0.3060493087773254,14382
26412,0.3004500042400909,22130
26501,0.3084127904879883,8559
26502,0.3162981794079527,2624
26503,0.34612458725564743,129151
26504,0.31199932004722075,10805
26601,0.30764752800921236,2560
26602,0.3109983586892765,3020
26603,0.35264466708093783,1669
26604,0.33020792968580337,820
26605,0.32576151201008624,12838
26701,0.3128719256686521,30290
26702,0.3114396082388352,5554
26703,0.3174657199134423,4422
26704,0.33461726524867946,40255
26801,0.3512840040056218,123869
26802,0.30949053124483494,2476
26803,0.3297823062063382,9392
26804,0.34997701745764165,224
26901,0.3103697199961208,37957
26902,0.3134678946787642,13609
27001,0.31245089908770646,2739
27002,0.34586811189468286,1688
27003,0.3420828405358026,990
27004,0.31881923062915074,1464
27005,0.3239248305915393,9478
27006,0.3305974953883928,6639
27007,0.34071716717165745,3646
27008,0.3367578038122947,2767
27009,0.31762752424612817,1747
27010,0.28132221530627977,563
27011,0.3702609882606476,7338
27012,0.32831210300254476,265
27101,0.3179650725952977,24007
27102,0.33224350021419363,12975
27201,0.2802609586536826,19902
27202,0.31131155180295567,10287
27301,0.31189490625163757,14661
27302,0.306801974705336,7666
27401,0.3050859546942887,8913
27402,0.30675802297058086,21774
27501,0.36717255279241534,376088
27502,0.3018111818098889,3869
27503,0.3248980202705212,5476
27504,0.3066736427159793,9126
27601,0.3313590283915717,67133
27602,0.3197648543803671,894
27603,0.3313101846661077,389
27604,0.31429379207316144,55
27605,0.34263318622005545,318
27701,0.3417185143842833,16220
27702,0.33833084960208565,36950
27703,0.3081564935088964,3117
27704,0.3409422726788691,888
27801,0.32875968407274125,17116
27802,0.318926343272297,17095
27901,0.31558396704028147,11844
27902,0.3051875588384738,6473
27903,0.32408891590548233,26449
28001,0.31155884441921294,64631
28002,0.323460274760264,5759
28101,0.354627948138022,171094
28102,0.3287776537273111,7894
28201,0.30386313209951876,6168
28202,0.34943759323730417,444563
28301,0.32068945820142947,8682
28302,0.30504785230741405,3257
28303,0.37036934757276935,192
28304,0.31603531849600036,1757
28305,0.3086310997347209,2203
28306,0.3252158982520922,10000
28401,0.3586145743968775,299423
28402,0.3179932408527565,1374
28501,0.32587624177276003,795
28502,0.32998735188941175,57803
28503,0.33303009548510587,3770
28504,0.31750905149138764,2447
28601,0.35619416452731933,832
28602,0.37317433924447974,1015
28603,0.35236830130719937,1785
28604,0.3205368121424789,4186
28605,0.3294131154622453,1747
28606,0.3168978672615086,731
28607,0.3212571373014429,4353
28608,0.3258538884620027,23981
28609,0.3122911869971881,10522
28701,0.321481696671878,6516
28702,0.3037209893662144,80405
28703,0.28164669190517244,5614
28704,0.32724228071488626,8513
28800,0.3297511727417015,276380
28900,0.3725272522638553,1643579
29001,0.3185222172415073,3966
29002,0.32935652045468955,328
29003,0.3059196207207688,10979
29004,0.3376839902111668,11879
29005,0.3377864754342935,20930
29006,0.34235874481471884,12241
29007,0.3386668409653915,1370
29008,0.31688140470513004,959
29101,0.32854549120406656,3106
29102,0.34198889171236524,1920
29103,0.3425109083121835,2741
29104,0.34995609310274534,21287
29201,0.32118620268553516,5188
29202,0.32800818674307736,2581
29203,0.3508839078621285,44211
29204,0.3470966905095179,125559
29301,0.3448120501005187,263547
29302,0.3103889878676974,20664
29303,0.31522976158037425,9598
29401,0.3242100177139256,8816
29402,0.3336373603324833,10573
29403,0.3363972022491109,32448
29501,0.35394188633196133,20138
29502,0.3561519018878396,949655
29503,0.31352875297504845,40980
29504,0.32309267016854776,19857
29505,0.3293727398814431,6107
29506,0.30956355782007616,2582
29601,0.36189402673169047,145193
29602,0.28949830057801584,22299
29700,0.33628957416648175,189105
29800,0.2945338997866692,40937
29901,0.32204736938967937,83529
29902,0.3163343465577749,7916
30000,0.3121678820188491,28829
30100,0.3229174792124097,86298
30200,0.3262564066547949,28081
30300,0.3256542698223215,217601
30401,0.3049246489455693,20077
30402,0.3428642157791469,400596
30403,0.3480894734184992,5121
30501,0.30053875506780753,5878
30502,0.3142767956941108,18326
30601,0.33665291018421656,361522
30602,0.32138680392566277,18801
30603,0.3138284801365318,1172
30604,0.32989531280767037,11208
30605,0.3195701301586455,229
30701,0.31011819242462074,39210
30702,0.33123192697193393,712
30801,0.292684835766496,31189
30802,0.31838379778648274,130851
30901,0.3061281723961802,20436
30902,0.24748583453979411,3463
30903,0.3286950704963938,84473
30904,0.31232098970518796,8816
30905,0.2654359713247175,780
30906,0.2886512939589996,385
30907,0.2495596431194191,50
30908,0.2729714221582391,6373
31001,0.3068016851510764,15075
31002,0.3254199588669043,2140
31003,0.312630389677039,1726
31004,0.32708107786962765,6906
31005,0.2808858813416789,2549
31006,0.301339988102149,4563
31007,0.25960844367393543,7713
31101,0.30176246650677785,41552
31102,0.29261386686314805,9248
31103,0.28580002919158987,2930
31201,0.37835161553276264,1088749
31202,0.30737061937317045,12667
31301,0.3492368310657429,983966
31302,0.31041007475324073,7008
31303,0.30371734513220117,18834
31304,0.35815813260404167,349
31401,0.306960952835041,161052
31402,0.2781455199275544,8127
31403,0.2812747962072638,2737
31404,0.3299964922605876,2890
31501,0.3147345217197673,3339
31502,0.2793034617227859,3335
31503,0.34136612941615024,81423
31600,0.3375296773333237,391325
31700,0.325071531630913,179264
31800,0.32008220393745673,84623
31900,0.30090349777063286,110502
32000,0.34265070722070873,2827281
32100,0.31529051288922433,141889
32201,0.32824221218850486,41845
32202,0.3080817226768651,19206
32301,0.3310178171050771,39135
32302,0.31764631262238574,1795
32303,0.3339416940532152,223
32304,0.3120731979258842,5200
32305,0.3357739779233394,12321
32306,0.32856087362777936,11287
32401,0.3027039020060172,11204
32402,0.2969645020082925,3124
32403,0.29399423367497435,3864
32501,0.32807142640957065,60335
32502,0.3463122346168826,1326
32503,0.27959167689728864,1170
32601,0.3143509185895768,38235
32602,0.3298967081439728,4013
32603,0.2658437616667051,335
32604,0.2992880426822601,1861
32701,0.31614548618247207,9510
32702,0.29793408638077806,10943
32801,0.32341431154350275,111993
32802,0.3099688186399721,14874
32900,0.32693929247191544,129140
33000,0.33787810286627046,1010547
33100,0.3717270684576538,2602231
33200,0.30746703324795455,39530
33300,0.32150937411597125,134582
33400,0.30912932422418005,97692
33500,0.3377694146121167,47326
33601,0.32924472330834276,38040
33602,0.3411454401581088,5792
33603,0.2763348669451439,378
33700,0.30311644909978547,26954
33801,0.31633866184907333,13895
33802,0.33115271636156596,10972
33803,0.3457662273422307,583046
33901,0.33342921832075273,12495
33902,0.31991999883927225,51459
34001,0.31934271679015186,49300
34002,0.3288166475252259,12600
34101,0.18529973611667191,2026
34102,0.343688647361739,177512
34104,0.3233792785149098,349
34105,0.3376893481484194,1149
34106,0.3605160685880016,2119
34107,0.3066076066558533,1622
34108,0.2748701543402915,3682
34109,0.350523980802326,15141
34110,0.29694522515826344,2634
34111,0.31658085625812127,4452
34112,0.3438557257326444,3317
34113,0.31192305361027733,7643
34114,0.3229449586796753,748
34115,0.33747006534507384,33019
34201,0.340563270752352,5372
34202,0.3379980831507449,4781
34203,0.33327478872818517,30876
34204,0.3109844175069062,2957
34301,0.3158146418371896,13045
34302,0.3072287175102736,1970
34303,0.32767628457825076,11387
34304,0.3330971640657419,13832
34305,0.3355411799601784,2949
34306,0.34370772696974494,178
34307,0.32396705776655316,2658
34308,0.3305771508025433,76608
34309,0.3103574193154456,517
34401,0.346172047369904,1986
34402,0.3333780033331844,70812
34403,0.35727079494601754,35060
34404,0.3261950662634246,14210
34501,0.29740601877679707,2716
34502,0.3210055338553479,3985
34503,0.31867032876769624,50776
34504,0.34680955971085864,68833
34601,0.28706264013825755,20638
34602,0.29506152158425947,2553
34603,0.3154851255779238,32932
34604,0.3151716454238883,338
34701,0.3354001255478097,408051
34702,0.2992197065729944,14573
34703,0.3134442339738554,55318
34801,0.3302234287728094,9495
34802,0.33844790066311337,75194
34803,0.30944276159507406,1596
34804,0.3073221334710445,726
34805,0.3251556175839072,10137
34901,0.35419737956491587,358740
34902,0.36439331864659563,3714
35001,0.3554207242764426,2163344
35002,0.3052882954197938,4906
35100,0.3394231005997461,367757
35201,0.3216051087311553,81447
35202,0.31217048997895824,7915
35300,0.31747772247719924,65396
35401,0.3059922815724966,106056
35402,0.3184536913573181,9840
35500,0.3316136294341486,43067
35600,0.31900258615681754,51520
35701,0.299807851991303,58308
35702,0.2887999000444418,14317
35801,0.34680031699619035,348273
35802,0.3040377956112904,14860
35803,0.3051907384858718,3669
35901,0.3164460747138957,92062
35902,0.332254896159854,12412
35903,0.2894495215970557,5299
35904,0.31263965206762534,8044
35905,0.31398230648185455,423
36000,0.3635668004862864,272610
36100,0.36822212842742047,1033023
36200,0.34233092828619177,70178
36301,0.33313879335762864,114336
36302,0.33045174808097394,2701
36303,0.29282916320206337,21637
36401,0.3150352075418599,17596
36402,0.3137763939133084,16248
36403,0.32345586392723363,2332
36404,0.31459897489063315,23046
36501,0.3357725624793234,35582
36502,0.32926758580842336,1022
36503,0.30830053406930363,683
36600,0.3240707806700376,74602
36700,0.3313182473083624,47174
36800,0.3229772743014621,99231
36901,0.3264439042677757,9494
36902,0.3090216334625518,48840
37000,0.2960350667556826,278421
37100,0.2983412684586707,335094
37200,0.3003540000130441,650200
37300,0.3117002580863835,123764
37400,0.3353770642494354,1337753
37500,0.3832561807398572,1332345
37601,0.3034095073246871,22656
37602,0.306825404266692,5440
37603,0.32737402106618035,5222
37604,0.32988380016397295,268290
37700,0.318069784906841,245220
37800,0.38035820429912576,2484897
37901,0.3189143981510489,1098692
37902,0.34046988740495043,601
37903,0.2990581216060319,11940
38000,0.3576611866812645,1478492
38100,0.30657387136420233,118925
38200,0.3212376933069891,316985
38300,0.34608278881944,8003869
38401,0.32539733513839836,20854
38402,0.36287614142521185,25518
38501,0.2743717553711747,40301
38502,0.2908905983786874,41598
38601,0.33858227834930676,296669
38602,0.2944635708071645,20364
38700,0.29665706905237377,62550
38801,0.3575729261995845,1071951
38802,0.2923381782873761,20459
38901,0.3219843710434137,393270
38902,0.28703730114884035,19077
39000,0.28274097482539606,110635
39100,0.29851124423982195,148463
39201,0.3123623655490834,9562
39202,0.3172178222136495,1405
39203,0.3265172444881177,86270
39204,0.3193934795746416,218
39205,0.30054613528567853,1326
39301,0.3038669211785675,4026
39302,0.32587996418199605,78171
39303,0.3192315205658721,22036
39400,0.3783097104685486,2233769
